[
    {
    "question_id": 717,
    "db_id": "superhero",
    "question": "Please list all the superpowers of 3-D Man.",
    "evidence": "3-D Man refers to superhero_name = '3-D Man'; superpowers refers to power_name",
    "SQL": "SELECT T3.power_name FROM superhero AS T1 INNER JOIN hero_power AS T2 ON T1.id = T2.hero_id INNER JOIN superpower AS T3 ON T2.power_id = T3.id WHERE T1.superhero_name = '3-D Man'",
    "difficulty": "simple"
    },
    {
    "question_id": 720,
    "db_id": "superhero",
    "question": "Please list the full names of all the superheroes with over 15 super powers.",
    "evidence": "15 super powers refers to COUNT(full_name) > 15",
    "SQL": "SELECT DISTINCT T1.full_name FROM superhero AS T1 INNER JOIN hero_power AS T2 ON T1.id = T2.hero_id GROUP BY T1.full_name HAVING COUNT(T2.power_id) > 15",
    "difficulty": "simple"
    }
]