[
  {
    "table": "alignment",
    "column": [
      {
        "column_name": "id",
        "column_type": "integer",
        "PK": 1,
        "FK": null,
        "description": "#The id column in the alignment table is the unique identifier of the alignment."
      },
      {
        "column_name": "alignment",
        "column_type": "text",
        "PK": 0,
        "FK": null,
        "description": "#Alignment refers to a character's moral and ethical stance and can be used to describe the overall attitude or behavior of a superhero. Some common alignments for superheroes include:\n#Good: These superheroes are typically kind, selfless, and dedicated to protecting others and upholding justice. Examples of good alignments include Superman, Wonder Woman, and Spider-Man.\n#Neutral: These superheroes may not always prioritize the greater good, but they are not necessarily evil either. They may act in their own self-interest or make decisions based on their own moral code. Examples of neutral alignments include the Hulk and Deadpool.\n#Bad: These superheroes are typically selfish, manipulative, and willing to harm others in pursuit of their own goals. Examples of evil alignments include Lex Luthor and the Joker. This column contains text data. "
      }
    ]
  },
  {
    "table": "attribute",
    "column": [
      {
        "column_name": "id",
        "column_type": "integer",
        "PK": 1,
        "FK": null,
        "description": "#The id column in the attribute table is used to store the unique identifier of the attribute."
      },
      {
        "column_name": "attribute_name",
        "column_type": "text",
        "PK": 0,
        "FK": null,
        "description": "#The attribute name column in the attribute table of the superhero database is a text column that describes the attribute of a superhero. Commonsense evidence: A superhero's attribute is a characteristic or quality that defines who they are and what they are capable of. This could be a physical trait, such as superhuman strength or the ability to fly, or a personal trait, such as extraordinary intelligence or exceptional bravery. The possible values for this column are Speed, Strength, Intelligence, Durability, Combat, Power.<|im_end|>"
      }
    ]
  },
  {
    "table": "colour",
    "column": [
      {
        "column_name": "id",
        "column_type": "integer",
        "PK": 1,
        "FK": null,
        "description": "#The id column in the colour table is the unique identifier of the color."
      },
      {
        "column_name": "colour",
        "column_type": "text",
        "PK": 0,
        "FK": null,
        "description": "#The colour column in the superhero table represents the color of the superhero's skin/eye/hair/etc. The column is of type text. Example values include Purple, Black/Blue, and Blue/White."
      }
    ]
  },
  {
    "table": "gender",
    "column": [
      {
        "column_name": "id",
        "column_type": "integer",
        "PK": 1,
        "FK": null,
        "description": "# Gender ID is a unique identifier of the gender in the superhero database."
      },
      {
        "column_name": "gender",
        "column_type": "text",
        "PK": 0,
        "FK": null,
        "description": "#Gender is a column in the superhero table. It represents the gender of the superhero. The possible values for this column are Male, Female, and N/A."
      }
    ]
  },
  {
    "table": "publisher",
    "column": [
      {
        "column_name": "id",
        "column_type": "integer",
        "PK": 1,
        "FK": null,
        "description": "#The id column in the publisher table is the unique identifier of the publisher."
      },
      {
        "column_name": "publisher_name",
        "column_type": "text",
        "PK": 0,
        "FK": null,
        "description": "#The publisher_name column in the publisher table is used to store the name of the publisher. The publisher_name column is of type text. Example values for the publisher_name column include Wildstorm, South Park, and IDW Publishing."
      }
    ]
  },
  {
    "table": "race",
    "column": [
      {
        "column_name": "id",
        "column_type": "integer",
        "PK": 1,
        "FK": null,
        "description": "#The id column in the race table is the unique identifier of the race."
      },
      {
        "column_name": "race",
        "column_type": "text",
        "PK": 0,
        "FK": null,
        "description": "#The race column in the race table refers to the particular group of people that the superhero belongs to base on these physical characteristics. In the context of superheroes, a superhero's race would refer to the particular group of people that the superhero belongs to base on these physical characteristics. The column is of text type and the following are some example values: Amazon, Martian, Korugaran."
      }
    ]
  },
  {
    "table": "superhero",
    "column": [
      {
        "column_name": "id",
        "column_type": "integer",
        "PK": 1,
        "FK": null,
        "description": "#The id column in the superhero table is the unique identifier of the superhero."
      },
      {
        "column_name": "superhero_name",
        "column_type": "text",
        "PK": 0,
        "FK": null,
        "description": "#The superhero name column in the superhero table contains the name of the superhero. The values in this column are text. Example values include She-Thing, Valerie Hart, and Molecule Man."
      },
      {
        "column_name": "full_name",
        "column_type": "text",
        "PK": 0,
        "FK": null,
        "description": "#The full name of the superhero. Commonsense evidence: The full name of a person typically consists of their given name, also known as their first name or personal name, and their surname, also known as their last name or family name. For example, if someone's given name is \"John\" and their surname is \"Smith,\" their full name would be \"John Smith.\" Example values: \"T'Challa\", \"M'gann M'orzz\", \"Kallark\"."
      },
      {
        "column_name": "gender_id",
        "column_type": "integer",
        "PK": 0,
        "FK": {
          "to_table": "gender",
          "to_column": "id"
        },
        "description": "#The gender id column in the superhero table represents the id of the superhero's gender."
      },
      {
        "column_name": "eye_colour_id",
        "column_type": "integer",
        "PK": 0,
        "FK": {
          "to_table": "colour",
          "to_column": "id"
        },
        "description": "#The eye colour id column in the superhero table represents the id of the superhero's eye color."
      },
      {
        "column_name": "hair_colour_id",
        "column_type": "integer",
        "PK": 0,
        "FK": {
          "to_table": "colour",
          "to_column": "id"
        },
        "description": "#The hair colour id column in the superhero table represents the id of the superhero's hair color."
      },
      {
        "column_name": "skin_colour_id",
        "column_type": "integer",
        "PK": 0,
        "FK": {
          "to_table": "colour",
          "to_column": "id"
        },
        "description": "#The skin colour id column in the superhero table represents the id of the superhero's skin color."
      },
      {
        "column_name": "race_id",
        "column_type": "integer",
        "PK": 0,
        "FK": {
          "to_table": "race",
          "to_column": "id"
        },
        "description": "#The race id column in the superhero table represents the id of the superhero's race."
      },
      {
        "column_name": "publisher_id",
        "column_type": "integer",
        "PK": 0,
        "FK": {
          "to_table": "publisher",
          "to_column": "id"
        },
        "description": "#The publisher id column in the superhero table represents the id of the publisher."
      },
      {
        "column_name": "alignment_id",
        "column_type": "integer",
        "PK": 0,
        "FK": {
          "to_table": "alignment",
          "to_column": "id"
        },
        "description": "#The alignment id column in the superhero table represents the id of the superhero's alignment."
      },
      {
        "column_name": "height_cm",
        "column_type": "integer",
        "PK": 0,
        "FK": null,
        "description": "#The height of the superhero in centimeters. If the height_cm is NULL or 0, it means the height of the superhero is missing."
      },
      {
        "column_name": "weight_kg",
        "column_type": "integer",
        "PK": 0,
        "FK": null,
        "description": "#The weight kg of the superhero. Commonsense evidence: The unit of weight is kilogram. If the weight_kg is NULL or 0, it means the weight of the superhero is missing."
      }
    ]
  },
  {
    "table": "hero_attribute",
    "column": [
      {
        "column_name": "hero_id",
        "column_type": "integer",
        "PK": 0,
        "FK": {
          "to_table": "superhero",
          "to_column": "id"
        },
        "description": "#The hero id is the id of the hero in the hero attribute table. It maps to superhero(id)."
      },
      {
        "column_name": "attribute_id",
        "column_type": "integer",
        "PK": 0,
        "FK": {
          "to_table": "attribute",
          "to_column": "id"
        },
        "description": "#The attribute id is the id of the attribute within the hero attribute table. It maps to attribute(id)."
      },
      {
        "column_name": "attribute_value",
        "column_type": "integer",
        "PK": 0,
        "FK": null,
        "description": "#The attribute value column in the hero attribute table refers to the attribute value of a superhero. If a superhero has a higher attribute value on a particular attribute, it means that they are more skilled or powerful in that area compared to other superheroes. For example, if a superhero has a higher attribute value for strength, they may be able to lift heavier objects or deliver more powerful punches than other superheroes."
      }
    ]
  },
  {
    "table": "superpower",
    "column": [
      {
        "column_name": "id",
        "column_type": "integer",
        "PK": 1,
        "FK": null,
        "description": "#The id column in the superpower table is the unique identifier of the superpower."
      },
      {
        "column_name": "power_name",
        "column_type": "text",
        "PK": 0,
        "FK": null,
        "description": "#The power name column in the superpower table refers to the name of the superpower. The column is of type text. Example values include Power Suit, Projection, and Size Changing."
      }
    ]
  },
  {
    "table": "hero_power",
    "column": [
      {
        "column_name": "hero_id",
        "column_type": "integer",
        "PK": 0,
        "FK": {
          "to_table": "superhero",
          "to_column": "id"
        },
        "description": "#The hero id column in the hero power table is an integer type column. This column represents the id of the hero and maps to superhero(id)."
      },
      {
        "column_name": "power_id",
        "column_type": "integer",
        "PK": 0,
        "FK": {
          "to_table": "superpower",
          "to_column": "id"
        },
        "description": "#The power id column in the hero power table is an integer that maps to the superpower table's id column. In general, a superhero's attributes provide the foundation for their abilities and help to define who they are, while their powers are the specific abilities that they use to fight crime and protect others."
      }
    ]
  }
]